date,sales,converted_date,year,month,onseason,season_id,week_of_season
1/1/2020,116,2020-01-01,2020,1,1,0,1
1/2/2020,116,2020-01-02,2020,1,1,0,1
1/3/2020,116,2020-01-03,2020,1,1,0,1
1/4/2020,116,2020-01-04,2020,1,1,0,1
1/5/2020,116,2020-01-05,2020,1,1,0,1
1/6/2020,115,2020-01-06,2020,1,1,0,1
1/7/2020,115,2020-01-07,2020,1,1,0,1
1/8/2020,115,2020-01-08,2020,1,1,0,2
1/9/2020,115,2020-01-09,2020,1,1,0,2
1/10/2020,115,2020-01-10,2020,1,1,0,2
1/11/2020,115,2020-01-11,2020,1,1,0,2
1/12/2020,115,2020-01-12,2020,1,1,0,2
1/13/2020,115,2020-01-13,2020,1,1,0,2
1/14/2020,115,2020-01-14,2020,1,1,0,2
1/15/2020,115,2020-01-15,2020,1,1,0,3
1/16/2020,115,2020-01-16,2020,1,1,0,3
1/17/2020,115,2020-01-17,2020,1,1,0,3
1/18/2020,115,2020-01-18,2020,1,1,0,3
1/19/2020,115,2020-01-19,2020,1,1,0,3
1/20/2020,115,2020-01-20,2020,1,1,0,3
1/21/2020,115,2020-01-21,2020,1,1,0,3
1/22/2020,115,2020-01-22,2020,1,1,0,4
1/23/2020,115,2020-01-23,2020,1,1,0,4
1/24/2020,115,2020-01-24,2020,1,1,0,4
1/25/2020,115,2020-01-25,2020,1,1,0,4
1/26/2020,115,2020-01-26,2020,1,1,0,4
1/27/2020,115,2020-01-27,2020,1,1,0,4
1/28/2020,115,2020-01-28,2020,1,1,0,4
1/29/2020,115,2020-01-29,2020,1,1,0,5
1/30/2020,114,2020-01-30,2020,1,1,0,5
1/31/2020,114,2020-01-31,2020,1,1,0,5
2/1/2020,114,2020-02-01,2020,2,1,0,5
2/2/2020,114,2020-02-02,2020,2,1,0,5
2/3/2020,114,2020-02-03,2020,2,1,0,5
2/4/2020,114,2020-02-04,2020,2,1,0,5
2/5/2020,114,2020-02-05,2020,2,1,0,6
2/6/2020,114,2020-02-06,2020,2,1,0,6
2/7/2020,113,2020-02-07,2020,2,1,0,6
2/8/2020,113,2020-02-08,2020,2,1,0,6
2/9/2020,113,2020-02-09,2020,2,1,0,6
2/10/2020,113,2020-02-10,2020,2,1,0,6
2/11/2020,112,2020-02-11,2020,2,1,0,6
2/12/2020,112,2020-02-12,2020,2,1,0,7
2/13/2020,112,2020-02-13,2020,2,1,0,7
2/14/2020,111,2020-02-14,2020,2,1,0,7
2/15/2020,111,2020-02-15,2020,2,1,0,7
2/16/2020,110,2020-02-16,2020,2,1,0,7
2/17/2020,109,2020-02-17,2020,2,1,0,7
2/18/2020,108,2020-02-18,2020,2,1,0,7
2/19/2020,107,2020-02-19,2020,2,1,0,8
2/20/2020,106,2020-02-20,2020,2,1,0,8
2/21/2020,105,2020-02-21,2020,2,1,0,8
2/22/2020,104,2020-02-22,2020,2,1,0,8
2/23/2020,103,2020-02-23,2020,2,1,0,8
2/24/2020,102,2020-02-24,2020,2,1,0,8
2/25/2020,100,2020-02-25,2020,2,1,0,8
2/26/2020,99,2020-02-26,2020,2,1,0,9
2/27/2020,97,2020-02-27,2020,2,1,0,9
2/28/2020,96,2020-02-28,2020,2,1,0,9
2/29/2020,94,2020-02-29,2020,2,1,0,9
3/1/2020,93,2020-03-01,2020,3,1,0,9
3/2/2020,91,2020-03-02,2020,3,1,0,9
3/3/2020,90,2020-03-03,2020,3,1,0,9
3/4/2020,89,2020-03-04,2020,3,1,0,10
3/5/2020,87,2020-03-05,2020,3,1,0,10
3/6/2020,86,2020-03-06,2020,3,1,0,10
3/7/2020,85,2020-03-07,2020,3,1,0,10
3/8/2020,84,2020-03-08,2020,3,1,0,10
3/9/2020,83,2020-03-09,2020,3,1,0,10
3/10/2020,82,2020-03-10,2020,3,1,0,10
3/11/2020,81,2020-03-11,2020,3,1,0,11
3/12/2020,80,2020-03-12,2020,3,1,0,11
3/13/2020,79,2020-03-13,2020,3,1,0,11
3/14/2020,79,2020-03-14,2020,3,1,0,11
3/15/2020,78,2020-03-15,2020,3,1,0,11
3/16/2020,78,2020-03-16,2020,3,1,0,11
3/17/2020,77,2020-03-17,2020,3,1,0,11
3/18/2020,77,2020-03-18,2020,3,1,0,12
3/19/2020,76,2020-03-19,2020,3,1,0,12
3/20/2020,76,2020-03-20,2020,3,1,0,12
3/21/2020,76,2020-03-21,2020,3,1,0,12
3/22/2020,75,2020-03-22,2020,3,1,0,12
3/23/2020,75,2020-03-23,2020,3,1,0,12
3/24/2020,75,2020-03-24,2020,3,1,0,12
3/25/2020,75,2020-03-25,2020,3,1,0,13
3/26/2020,74,2020-03-26,2020,3,1,0,13
3/27/2020,74,2020-03-27,2020,3,1,0,13
3/28/2020,74,2020-03-28,2020,3,1,0,13
3/29/2020,74,2020-03-29,2020,3,1,0,13
3/30/2020,74,2020-03-30,2020,3,1,0,13
3/31/2020,74,2020-03-31,2020,3,1,0,13
4/1/2020,73,2020-04-01,2020,4,1,0,14
4/2/2020,73,2020-04-02,2020,4,1,0,14
4/3/2020,73,2020-04-03,2020,4,1,0,14
4/4/2020,73,2020-04-04,2020,4,1,0,14
4/5/2020,73,2020-04-05,2020,4,1,0,14
4/6/2020,73,2020-04-06,2020,4,1,0,14
4/7/2020,73,2020-04-07,2020,4,1,0,14
4/8/2020,73,2020-04-08,2020,4,1,0,15
4/9/2020,72,2020-04-09,2020,4,1,0,15
4/10/2020,72,2020-04-10,2020,4,1,0,15
4/11/2020,72,2020-04-11,2020,4,1,0,15
4/12/2020,72,2020-04-12,2020,4,1,0,15
4/13/2020,71,2020-04-13,2020,4,1,0,15
4/14/2020,71,2020-04-14,2020,4,1,0,15
4/15/2020,71,2020-04-15,2020,4,1,0,16
4/16/2020,70,2020-04-16,2020,4,1,0,16
4/17/2020,69,2020-04-17,2020,4,1,0,16
4/18/2020,69,2020-04-18,2020,4,1,0,16
4/19/2020,68,2020-04-19,2020,4,1,0,16
4/20/2020,67,2020-04-20,2020,4,1,0,16
4/21/2020,66,2020-04-21,2020,4,1,0,16
4/22/2020,65,2020-04-22,2020,4,1,0,17
4/23/2020,64,2020-04-23,2020,4,1,0,17
4/24/2020,63,2020-04-24,2020,4,1,0,17
4/25/2020,61,2020-04-25,2020,4,1,0,17
4/26/2020,60,2020-04-26,2020,4,1,0,17
4/27/2020,58,2020-04-27,2020,4,1,0,17
4/28/2020,57,2020-04-28,2020,4,1,0,17
4/29/2020,55,2020-04-29,2020,4,1,0,18
4/30/2020,53,2020-04-30,2020,4,1,0,18
10/1/2020,64,2020-10-01,2020,10,1,2,1
10/2/2020,66,2020-10-02,2020,10,1,2,1
10/3/2020,68,2020-10-03,2020,10,1,2,1
10/4/2020,70,2020-10-04,2020,10,1,2,1
10/5/2020,73,2020-10-05,2020,10,1,2,1
10/6/2020,75,2020-10-06,2020,10,1,2,1
10/7/2020,77,2020-10-07,2020,10,1,2,1
10/8/2020,78,2020-10-08,2020,10,1,2,2
10/9/2020,80,2020-10-09,2020,10,1,2,2
10/10/2020,82,2020-10-10,2020,10,1,2,2
10/11/2020,83,2020-10-11,2020,10,1,2,2
10/12/2020,84,2020-10-12,2020,10,1,2,2
10/13/2020,86,2020-10-13,2020,10,1,2,2
10/14/2020,87,2020-10-14,2020,10,1,2,2
10/15/2020,88,2020-10-15,2020,10,1,2,3
10/16/2020,89,2020-10-16,2020,10,1,2,3
10/17/2020,89,2020-10-17,2020,10,1,2,3
10/18/2020,90,2020-10-18,2020,10,1,2,3
10/19/2020,91,2020-10-19,2020,10,1,2,3
10/20/2020,92,2020-10-20,2020,10,1,2,3
10/21/2020,93,2020-10-21,2020,10,1,2,3
10/22/2020,94,2020-10-22,2020,10,1,2,4
10/23/2020,95,2020-10-23,2020,10,1,2,4
10/24/2020,96,2020-10-24,2020,10,1,2,4
10/25/2020,98,2020-10-25,2020,10,1,2,4
10/26/2020,99,2020-10-26,2020,10,1,2,4
10/27/2020,101,2020-10-27,2020,10,1,2,4
10/28/2020,102,2020-10-28,2020,10,1,2,4
10/29/2020,104,2020-10-29,2020,10,1,2,5
10/30/2020,106,2020-10-30,2020,10,1,2,5
10/31/2020,108,2020-10-31,2020,10,1,2,5
11/1/2020,110,2020-11-01,2020,11,1,2,5
11/2/2020,112,2020-11-02,2020,11,1,2,5
11/3/2020,114,2020-11-03,2020,11,1,2,5
11/4/2020,116,2020-11-04,2020,11,1,2,5
11/5/2020,118,2020-11-05,2020,11,1,2,6
11/6/2020,120,2020-11-06,2020,11,1,2,6
11/7/2020,122,2020-11-07,2020,11,1,2,6
11/8/2020,124,2020-11-08,2020,11,1,2,6
11/9/2020,126,2020-11-09,2020,11,1,2,6
11/10/2020,127,2020-11-10,2020,11,1,2,6
11/11/2020,128,2020-11-11,2020,11,1,2,6
11/12/2020,130,2020-11-12,2020,11,1,2,7
11/13/2020,131,2020-11-13,2020,11,1,2,7
11/14/2020,132,2020-11-14,2020,11,1,2,7
11/15/2020,132,2020-11-15,2020,11,1,2,7
11/16/2020,133,2020-11-16,2020,11,1,2,7
11/17/2020,133,2020-11-17,2020,11,1,2,7
11/18/2020,133,2020-11-18,2020,11,1,2,7
11/19/2020,133,2020-11-19,2020,11,1,2,8
11/20/2020,133,2020-11-20,2020,11,1,2,8
11/21/2020,133,2020-11-21,2020,11,1,2,8
11/22/2020,133,2020-11-22,2020,11,1,2,8
11/23/2020,132,2020-11-23,2020,11,1,2,8
11/24/2020,131,2020-11-24,2020,11,1,2,8
11/25/2020,131,2020-11-25,2020,11,1,2,8
11/26/2020,130,2020-11-26,2020,11,1,2,9
11/27/2020,129,2020-11-27,2020,11,1,2,9
11/28/2020,128,2020-11-28,2020,11,1,2,9
11/29/2020,127,2020-11-29,2020,11,1,2,9
11/30/2020,126,2020-11-30,2020,11,1,2,9
12/1/2020,125,2020-12-01,2020,12,1,2,9
12/2/2020,125,2020-12-02,2020,12,1,2,9
12/3/2020,124,2020-12-03,2020,12,1,2,10
12/4/2020,123,2020-12-04,2020,12,1,2,10
12/5/2020,122,2020-12-05,2020,12,1,2,10
12/6/2020,121,2020-12-06,2020,12,1,2,10
12/7/2020,120,2020-12-07,2020,12,1,2,10
12/8/2020,120,2020-12-08,2020,12,1,2,10
12/9/2020,119,2020-12-09,2020,12,1,2,10
12/10/2020,119,2020-12-10,2020,12,1,2,11
12/11/2020,118,2020-12-11,2020,12,1,2,11
12/12/2020,117,2020-12-12,2020,12,1,2,11
12/13/2020,117,2020-12-13,2020,12,1,2,11
12/14/2020,117,2020-12-14,2020,12,1,2,11
12/15/2020,116,2020-12-15,2020,12,1,2,11
12/16/2020,116,2020-12-16,2020,12,1,2,11
12/17/2020,115,2020-12-17,2020,12,1,2,12
12/18/2020,115,2020-12-18,2020,12,1,2,12
12/19/2020,115,2020-12-19,2020,12,1,2,12
12/20/2020,114,2020-12-20,2020,12,1,2,12
12/21/2020,114,2020-12-21,2020,12,1,2,12
12/22/2020,114,2020-12-22,2020,12,1,2,12
12/23/2020,114,2020-12-23,2020,12,1,2,12
12/24/2020,114,2020-12-24,2020,12,1,2,13
12/25/2020,113,2020-12-25,2020,12,1,2,13
12/26/2020,113,2020-12-26,2020,12,1,2,13
12/27/2020,113,2020-12-27,2020,12,1,2,13
12/28/2020,113,2020-12-28,2020,12,1,2,13
12/29/2020,113,2020-12-29,2020,12,1,2,13
12/30/2020,113,2020-12-30,2020,12,1,2,13
12/31/2020,113,2020-12-31,2020,12,1,2,14
1/1/2021,113,2021-01-01,2021,1,1,2,14
1/2/2021,113,2021-01-02,2021,1,1,2,14
1/3/2021,113,2021-01-03,2021,1,1,2,14
1/4/2021,113,2021-01-04,2021,1,1,2,14
1/5/2021,113,2021-01-05,2021,1,1,2,14
1/6/2021,113,2021-01-06,2021,1,1,2,14
1/7/2021,113,2021-01-07,2021,1,1,2,15
1/8/2021,114,2021-01-08,2021,1,1,2,15
1/9/2021,114,2021-01-09,2021,1,1,2,15
1/10/2021,114,2021-01-10,2021,1,1,2,15
1/11/2021,114,2021-01-11,2021,1,1,2,15
1/12/2021,114,2021-01-12,2021,1,1,2,15
1/13/2021,115,2021-01-13,2021,1,1,2,15
1/14/2021,115,2021-01-14,2021,1,1,2,16
1/15/2021,115,2021-01-15,2021,1,1,2,16
1/16/2021,115,2021-01-16,2021,1,1,2,16
1/17/2021,116,2021-01-17,2021,1,1,2,16
1/18/2021,116,2021-01-18,2021,1,1,2,16
1/19/2021,116,2021-01-19,2021,1,1,2,16
1/20/2021,116,2021-01-20,2021,1,1,2,16
1/21/2021,116,2021-01-21,2021,1,1,2,17
1/22/2021,117,2021-01-22,2021,1,1,2,17
1/23/2021,117,2021-01-23,2021,1,1,2,17
1/24/2021,117,2021-01-24,2021,1,1,2,17
1/25/2021,117,2021-01-25,2021,1,1,2,17
1/26/2021,117,2021-01-26,2021,1,1,2,17
1/27/2021,118,2021-01-27,2021,1,1,2,17
1/28/2021,118,2021-01-28,2021,1,1,2,18
1/29/2021,118,2021-01-29,2021,1,1,2,18
1/30/2021,118,2021-01-30,2021,1,1,2,18
1/31/2021,118,2021-01-31,2021,1,1,2,18
2/1/2021,118,2021-02-01,2021,2,1,2,18
2/2/2021,118,2021-02-02,2021,2,1,2,18
2/3/2021,118,2021-02-03,2021,2,1,2,18
2/4/2021,118,2021-02-04,2021,2,1,2,19
2/5/2021,118,2021-02-05,2021,2,1,2,19
2/6/2021,118,2021-02-06,2021,2,1,2,19
2/7/2021,118,2021-02-07,2021,2,1,2,19
2/8/2021,118,2021-02-08,2021,2,1,2,19
2/9/2021,118,2021-02-09,2021,2,1,2,19
2/10/2021,117,2021-02-10,2021,2,1,2,19
2/11/2021,117,2021-02-11,2021,2,1,2,20
2/12/2021,116,2021-02-12,2021,2,1,2,20
2/13/2021,116,2021-02-13,2021,2,1,2,20
2/14/2021,115,2021-02-14,2021,2,1,2,20
2/15/2021,114,2021-02-15,2021,2,1,2,20
2/16/2021,114,2021-02-16,2021,2,1,2,20
2/17/2021,113,2021-02-17,2021,2,1,2,20
2/18/2021,112,2021-02-18,2021,2,1,2,21
2/19/2021,110,2021-02-19,2021,2,1,2,21
2/20/2021,109,2021-02-20,2021,2,1,2,21
2/21/2021,108,2021-02-21,2021,2,1,2,21
2/22/2021,106,2021-02-22,2021,2,1,2,21
2/23/2021,105,2021-02-23,2021,2,1,2,21
2/24/2021,103,2021-02-24,2021,2,1,2,21
2/25/2021,102,2021-02-25,2021,2,1,2,22
2/26/2021,100,2021-02-26,2021,2,1,2,22
2/27/2021,98,2021-02-27,2021,2,1,2,22
2/28/2021,97,2021-02-28,2021,2,1,2,22
3/1/2021,95,2021-03-01,2021,3,1,2,22
3/2/2021,93,2021-03-02,2021,3,1,2,22
3/3/2021,92,2021-03-03,2021,3,1,2,22
3/4/2021,90,2021-03-04,2021,3,1,2,23
3/5/2021,88,2021-03-05,2021,3,1,2,23
3/6/2021,87,2021-03-06,2021,3,1,2,23
3/7/2021,85,2021-03-07,2021,3,1,2,23
3/8/2021,83,2021-03-08,2021,3,1,2,23
3/9/2021,82,2021-03-09,2021,3,1,2,23
3/10/2021,81,2021-03-10,2021,3,1,2,23
3/11/2021,79,2021-03-11,2021,3,1,2,24
3/12/2021,78,2021-03-12,2021,3,1,2,24
3/13/2021,77,2021-03-13,2021,3,1,2,24
3/14/2021,76,2021-03-14,2021,3,1,2,24
3/15/2021,75,2021-03-15,2021,3,1,2,24
3/16/2021,74,2021-03-16,2021,3,1,2,24
3/17/2021,73,2021-03-17,2021,3,1,2,24
3/18/2021,72,2021-03-18,2021,3,1,2,25
3/19/2021,72,2021-03-19,2021,3,1,2,25
3/20/2021,71,2021-03-20,2021,3,1,2,25
3/21/2021,71,2021-03-21,2021,3,1,2,25
3/22/2021,70,2021-03-22,2021,3,1,2,25
3/23/2021,70,2021-03-23,2021,3,1,2,25
3/24/2021,70,2021-03-24,2021,3,1,2,25
3/25/2021,69,2021-03-25,2021,3,1,2,26
3/26/2021,69,2021-03-26,2021,3,1,2,26
3/27/2021,69,2021-03-27,2021,3,1,2,26
3/28/2021,69,2021-03-28,2021,3,1,2,26
3/29/2021,69,2021-03-29,2021,3,1,2,26
3/30/2021,69,2021-03-30,2021,3,1,2,26
3/31/2021,69,2021-03-31,2021,3,1,2,26
4/1/2021,69,2021-04-01,2021,4,1,2,27
4/2/2021,69,2021-04-02,2021,4,1,2,27
4/3/2021,69,2021-04-03,2021,4,1,2,27
4/4/2021,69,2021-04-04,2021,4,1,2,27
4/5/2021,70,2021-04-05,2021,4,1,2,27
4/6/2021,70,2021-04-06,2021,4,1,2,27
4/7/2021,70,2021-04-07,2021,4,1,2,27
4/8/2021,70,2021-04-08,2021,4,1,2,28
4/9/2021,70,2021-04-09,2021,4,1,2,28
4/10/2021,70,2021-04-10,2021,4,1,2,28
4/11/2021,70,2021-04-11,2021,4,1,2,28
4/12/2021,70,2021-04-12,2021,4,1,2,28
4/13/2021,70,2021-04-13,2021,4,1,2,28
4/14/2021,69,2021-04-14,2021,4,1,2,28
4/15/2021,69,2021-04-15,2021,4,1,2,29
4/16/2021,69,2021-04-16,2021,4,1,2,29
4/17/2021,68,2021-04-17,2021,4,1,2,29
4/18/2021,68,2021-04-18,2021,4,1,2,29
4/19/2021,67,2021-04-19,2021,4,1,2,29
4/20/2021,66,2021-04-20,2021,4,1,2,29
4/21/2021,65,2021-04-21,2021,4,1,2,29
4/22/2021,65,2021-04-22,2021,4,1,2,30
4/23/2021,63,2021-04-23,2021,4,1,2,30
4/24/2021,62,2021-04-24,2021,4,1,2,30
4/25/2021,61,2021-04-25,2021,4,1,2,30
4/26/2021,60,2021-04-26,2021,4,1,2,30
4/27/2021,58,2021-04-27,2021,4,1,2,30
4/28/2021,57,2021-04-28,2021,4,1,2,30
4/29/2021,55,2021-04-29,2021,4,1,2,31
4/30/2021,54,2021-04-30,2021,4,1,2,31
10/1/2021,59,2021-10-01,2021,10,1,4,1
10/2/2021,61,2021-10-02,2021,10,1,4,1
10/3/2021,63,2021-10-03,2021,10,1,4,1
10/4/2021,65,2021-10-04,2021,10,1,4,1
10/5/2021,66,2021-10-05,2021,10,1,4,1
10/6/2021,68,2021-10-06,2021,10,1,4,1
10/7/2021,70,2021-10-07,2021,10,1,4,1
10/8/2021,72,2021-10-08,2021,10,1,4,2
10/9/2021,74,2021-10-09,2021,10,1,4,2
10/10/2021,75,2021-10-10,2021,10,1,4,2
10/11/2021,77,2021-10-11,2021,10,1,4,2
10/12/2021,78,2021-10-12,2021,10,1,4,2
10/13/2021,80,2021-10-13,2021,10,1,4,2
10/14/2021,81,2021-10-14,2021,10,1,4,2
10/15/2021,83,2021-10-15,2021,10,1,4,3
10/16/2021,84,2021-10-16,2021,10,1,4,3
10/17/2021,85,2021-10-17,2021,10,1,4,3
10/18/2021,87,2021-10-18,2021,10,1,4,3
10/19/2021,88,2021-10-19,2021,10,1,4,3
10/20/2021,89,2021-10-20,2021,10,1,4,3
10/21/2021,91,2021-10-21,2021,10,1,4,3
10/22/2021,92,2021-10-22,2021,10,1,4,4
10/23/2021,94,2021-10-23,2021,10,1,4,4
10/24/2021,95,2021-10-24,2021,10,1,4,4
10/25/2021,97,2021-10-25,2021,10,1,4,4
10/26/2021,99,2021-10-26,2021,10,1,4,4
10/27/2021,101,2021-10-27,2021,10,1,4,4
10/28/2021,103,2021-10-28,2021,10,1,4,4
10/29/2021,104,2021-10-29,2021,10,1,4,5
10/30/2021,107,2021-10-30,2021,10,1,4,5
10/31/2021,109,2021-10-31,2021,10,1,4,5
11/1/2021,111,2021-11-01,2021,11,1,4,5
11/2/2021,113,2021-11-02,2021,11,1,4,5
11/3/2021,115,2021-11-03,2021,11,1,4,5
11/4/2021,117,2021-11-04,2021,11,1,4,5
11/5/2021,119,2021-11-05,2021,11,1,4,6
11/6/2021,121,2021-11-06,2021,11,1,4,6
11/7/2021,122,2021-11-07,2021,11,1,4,6
11/8/2021,124,2021-11-08,2021,11,1,4,6
11/9/2021,126,2021-11-09,2021,11,1,4,6
11/10/2021,127,2021-11-10,2021,11,1,4,6
11/11/2021,128,2021-11-11,2021,11,1,4,6
11/12/2021,129,2021-11-12,2021,11,1,4,7
11/13/2021,130,2021-11-13,2021,11,1,4,7
11/14/2021,131,2021-11-14,2021,11,1,4,7
11/15/2021,132,2021-11-15,2021,11,1,4,7
11/16/2021,132,2021-11-16,2021,11,1,4,7
11/17/2021,132,2021-11-17,2021,11,1,4,7
11/18/2021,133,2021-11-18,2021,11,1,4,7
11/19/2021,133,2021-11-19,2021,11,1,4,8
11/20/2021,133,2021-11-20,2021,11,1,4,8
11/21/2021,132,2021-11-21,2021,11,1,4,8
11/22/2021,132,2021-11-22,2021,11,1,4,8
11/23/2021,132,2021-11-23,2021,11,1,4,8
11/24/2021,131,2021-11-24,2021,11,1,4,8
11/25/2021,131,2021-11-25,2021,11,1,4,8
11/26/2021,130,2021-11-26,2021,11,1,4,9
11/27/2021,129,2021-11-27,2021,11,1,4,9
11/28/2021,128,2021-11-28,2021,11,1,4,9
11/29/2021,128,2021-11-29,2021,11,1,4,9
11/30/2021,127,2021-11-30,2021,11,1,4,9
12/1/2021,126,2021-12-01,2021,12,1,4,9
12/2/2021,125,2021-12-02,2021,12,1,4,9
12/3/2021,124,2021-12-03,2021,12,1,4,10
12/4/2021,123,2021-12-04,2021,12,1,4,10
12/5/2021,122,2021-12-05,2021,12,1,4,10
12/6/2021,121,2021-12-06,2021,12,1,4,10
12/7/2021,121,2021-12-07,2021,12,1,4,10
12/8/2021,120,2021-12-08,2021,12,1,4,10
12/9/2021,119,2021-12-09,2021,12,1,4,10
12/10/2021,118,2021-12-10,2021,12,1,4,11
12/11/2021,118,2021-12-11,2021,12,1,4,11
12/12/2021,117,2021-12-12,2021,12,1,4,11
12/13/2021,117,2021-12-13,2021,12,1,4,11
12/14/2021,116,2021-12-14,2021,12,1,4,11
12/15/2021,116,2021-12-15,2021,12,1,4,11
12/16/2021,116,2021-12-16,2021,12,1,4,11
12/17/2021,115,2021-12-17,2021,12,1,4,12
12/18/2021,115,2021-12-18,2021,12,1,4,12
12/19/2021,115,2021-12-19,2021,12,1,4,12
12/20/2021,115,2021-12-20,2021,12,1,4,12
12/21/2021,115,2021-12-21,2021,12,1,4,12
12/22/2021,115,2021-12-22,2021,12,1,4,12
12/23/2021,115,2021-12-23,2021,12,1,4,12
12/24/2021,115,2021-12-24,2021,12,1,4,13
12/25/2021,115,2021-12-25,2021,12,1,4,13
12/26/2021,115,2021-12-26,2021,12,1,4,13
12/27/2021,115,2021-12-27,2021,12,1,4,13
12/28/2021,115,2021-12-28,2021,12,1,4,13
12/29/2021,115,2021-12-29,2021,12,1,4,13
12/30/2021,115,2021-12-30,2021,12,1,4,13
12/31/2021,115,2021-12-31,2021,12,1,4,14
1/1/2022,115,2022-01-01,2022,1,1,4,14
1/2/2022,115,2022-01-02,2022,1,1,4,14
1/3/2022,115,2022-01-03,2022,1,1,4,14
1/4/2022,115,2022-01-04,2022,1,1,4,14
1/5/2022,115,2022-01-05,2022,1,1,4,14
1/6/2022,115,2022-01-06,2022,1,1,4,14
1/7/2022,115,2022-01-07,2022,1,1,4,15
1/8/2022,115,2022-01-08,2022,1,1,4,15
1/9/2022,115,2022-01-09,2022,1,1,4,15
1/10/2022,115,2022-01-10,2022,1,1,4,15
1/11/2022,115,2022-01-11,2022,1,1,4,15
1/12/2022,115,2022-01-12,2022,1,1,4,15
1/13/2022,115,2022-01-13,2022,1,1,4,15
1/14/2022,115,2022-01-14,2022,1,1,4,16
1/15/2022,115,2022-01-15,2022,1,1,4,16
1/16/2022,115,2022-01-16,2022,1,1,4,16
1/17/2022,115,2022-01-17,2022,1,1,4,16
1/18/2022,115,2022-01-18,2022,1,1,4,16
1/19/2022,115,2022-01-19,2022,1,1,4,16
1/20/2022,115,2022-01-20,2022,1,1,4,16
1/21/2022,115,2022-01-21,2022,1,1,4,17
1/22/2022,115,2022-01-22,2022,1,1,4,17
1/23/2022,115,2022-01-23,2022,1,1,4,17
1/24/2022,115,2022-01-24,2022,1,1,4,17
1/25/2022,115,2022-01-25,2022,1,1,4,17
1/26/2022,115,2022-01-26,2022,1,1,4,17
1/27/2022,115,2022-01-27,2022,1,1,4,17
1/28/2022,115,2022-01-28,2022,1,1,4,18
1/29/2022,115,2022-01-29,2022,1,1,4,18
1/30/2022,115,2022-01-30,2022,1,1,4,18
1/31/2022,115,2022-01-31,2022,1,1,4,18
2/1/2022,115,2022-02-01,2022,2,1,4,18
2/2/2022,115,2022-02-02,2022,2,1,4,18
2/3/2022,115,2022-02-03,2022,2,1,4,18
2/4/2022,115,2022-02-04,2022,2,1,4,19
2/5/2022,115,2022-02-05,2022,2,1,4,19
2/6/2022,114,2022-02-06,2022,2,1,4,19
2/7/2022,114,2022-02-07,2022,2,1,4,19
2/8/2022,114,2022-02-08,2022,2,1,4,19
2/9/2022,113,2022-02-09,2022,2,1,4,19
2/10/2022,113,2022-02-10,2022,2,1,4,19
2/11/2022,112,2022-02-11,2022,2,1,4,20
2/12/2022,112,2022-02-12,2022,2,1,4,20
2/13/2022,111,2022-02-13,2022,2,1,4,20
2/14/2022,110,2022-02-14,2022,2,1,4,20
2/15/2022,110,2022-02-15,2022,2,1,4,20
2/16/2022,109,2022-02-16,2022,2,1,4,20
2/17/2022,108,2022-02-17,2022,2,1,4,20
2/18/2022,107,2022-02-18,2022,2,1,4,21
2/19/2022,105,2022-02-19,2022,2,1,4,21
2/20/2022,104,2022-02-20,2022,2,1,4,21
2/21/2022,103,2022-02-21,2022,2,1,4,21
2/22/2022,101,2022-02-22,2022,2,1,4,21
2/23/2022,100,2022-02-23,2022,2,1,4,21
2/24/2022,98,2022-02-24,2022,2,1,4,21
2/25/2022,97,2022-02-25,2022,2,1,4,22
2/26/2022,95,2022-02-26,2022,2,1,4,22
2/27/2022,94,2022-02-27,2022,2,1,4,22
2/28/2022,92,2022-02-28,2022,2,1,4,22
3/1/2022,90,2022-03-01,2022,3,1,4,22
3/2/2022,89,2022-03-02,2022,3,1,4,22
3/3/2022,87,2022-03-03,2022,3,1,4,22
3/4/2022,85,2022-03-04,2022,3,1,4,23
3/5/2022,84,2022-03-05,2022,3,1,4,23
3/6/2022,82,2022-03-06,2022,3,1,4,23
3/7/2022,81,2022-03-07,2022,3,1,4,23
3/8/2022,80,2022-03-08,2022,3,1,4,23
3/9/2022,79,2022-03-09,2022,3,1,4,23
3/10/2022,78,2022-03-10,2022,3,1,4,23
3/11/2022,77,2022-03-11,2022,3,1,4,24
3/12/2022,76,2022-03-12,2022,3,1,4,24
3/13/2022,75,2022-03-13,2022,3,1,4,24
3/14/2022,75,2022-03-14,2022,3,1,4,24
3/15/2022,74,2022-03-15,2022,3,1,4,24
3/16/2022,74,2022-03-16,2022,3,1,4,24
3/17/2022,74,2022-03-17,2022,3,1,4,24
3/18/2022,74,2022-03-18,2022,3,1,4,25
3/19/2022,74,2022-03-19,2022,3,1,4,25
3/20/2022,74,2022-03-20,2022,3,1,4,25
3/21/2022,74,2022-03-21,2022,3,1,4,25
3/22/2022,74,2022-03-22,2022,3,1,4,25
3/23/2022,74,2022-03-23,2022,3,1,4,25
3/24/2022,74,2022-03-24,2022,3,1,4,25
3/25/2022,75,2022-03-25,2022,3,1,4,26
3/26/2022,75,2022-03-26,2022,3,1,4,26
3/27/2022,75,2022-03-27,2022,3,1,4,26
3/28/2022,76,2022-03-28,2022,3,1,4,26
3/29/2022,76,2022-03-29,2022,3,1,4,26
3/30/2022,76,2022-03-30,2022,3,1,4,26
3/31/2022,76,2022-03-31,2022,3,1,4,26
4/1/2022,77,2022-04-01,2022,4,1,4,27
4/2/2022,77,2022-04-02,2022,4,1,4,27
4/3/2022,77,2022-04-03,2022,4,1,4,27
4/4/2022,77,2022-04-04,2022,4,1,4,27
4/5/2022,77,2022-04-05,2022,4,1,4,27
4/6/2022,77,2022-04-06,2022,4,1,4,27
4/7/2022,76,2022-04-07,2022,4,1,4,27
4/8/2022,76,2022-04-08,2022,4,1,4,28
4/9/2022,76,2022-04-09,2022,4,1,4,28
4/10/2022,76,2022-04-10,2022,4,1,4,28
4/11/2022,75,2022-04-11,2022,4,1,4,28
4/12/2022,75,2022-04-12,2022,4,1,4,28
4/13/2022,75,2022-04-13,2022,4,1,4,28
4/14/2022,74,2022-04-14,2022,4,1,4,28
4/15/2022,74,2022-04-15,2022,4,1,4,29
4/16/2022,73,2022-04-16,2022,4,1,4,29
4/17/2022,72,2022-04-17,2022,4,1,4,29
4/18/2022,72,2022-04-18,2022,4,1,4,29
4/19/2022,71,2022-04-19,2022,4,1,4,29
4/20/2022,70,2022-04-20,2022,4,1,4,29
4/21/2022,69,2022-04-21,2022,4,1,4,29
4/22/2022,68,2022-04-22,2022,4,1,4,30
4/23/2022,67,2022-04-23,2022,4,1,4,30
4/24/2022,66,2022-04-24,2022,4,1,4,30
4/25/2022,64,2022-04-25,2022,4,1,4,30
4/26/2022,63,2022-04-26,2022,4,1,4,30
4/27/2022,62,2022-04-27,2022,4,1,4,30
4/28/2022,60,2022-04-28,2022,4,1,4,30
4/29/2022,58,2022-04-29,2022,4,1,4,31
4/30/2022,57,2022-04-30,2022,4,1,4,31
10/1/2022,63,2022-10-01,2022,10,1,6,1
10/2/2022,65,2022-10-02,2022,10,1,6,1
10/3/2022,67,2022-10-03,2022,10,1,6,1
10/4/2022,69,2022-10-04,2022,10,1,6,1
10/5/2022,71,2022-10-05,2022,10,1,6,1
10/6/2022,73,2022-10-06,2022,10,1,6,1
10/7/2022,75,2022-10-07,2022,10,1,6,1
10/8/2022,77,2022-10-08,2022,10,1,6,2
10/9/2022,79,2022-10-09,2022,10,1,6,2
10/10/2022,80,2022-10-10,2022,10,1,6,2
10/11/2022,82,2022-10-11,2022,10,1,6,2
10/12/2022,83,2022-10-12,2022,10,1,6,2
10/13/2022,84,2022-10-13,2022,10,1,6,2
10/14/2022,86,2022-10-14,2022,10,1,6,2
10/15/2022,87,2022-10-15,2022,10,1,6,3
10/16/2022,88,2022-10-16,2022,10,1,6,3
10/17/2022,89,2022-10-17,2022,10,1,6,3
10/18/2022,91,2022-10-18,2022,10,1,6,3
10/19/2022,92,2022-10-19,2022,10,1,6,3
10/20/2022,93,2022-10-20,2022,10,1,6,3
10/21/2022,95,2022-10-21,2022,10,1,6,3
10/22/2022,96,2022-10-22,2022,10,1,6,4
10/23/2022,97,2022-10-23,2022,10,1,6,4
10/24/2022,99,2022-10-24,2022,10,1,6,4
10/25/2022,101,2022-10-25,2022,10,1,6,4
10/26/2022,103,2022-10-26,2022,10,1,6,4
10/27/2022,104,2022-10-27,2022,10,1,6,4
10/28/2022,106,2022-10-28,2022,10,1,6,4
10/29/2022,108,2022-10-29,2022,10,1,6,5
10/30/2022,110,2022-10-30,2022,10,1,6,5
10/31/2022,112,2022-10-31,2022,10,1,6,5
11/1/2022,114,2022-11-01,2022,11,1,6,5
11/2/2022,116,2022-11-02,2022,11,1,6,5
11/3/2022,118,2022-11-03,2022,11,1,6,5
11/4/2022,120,2022-11-04,2022,11,1,6,5
11/5/2022,122,2022-11-05,2022,11,1,6,6
11/6/2022,123,2022-11-06,2022,11,1,6,6
11/7/2022,125,2022-11-07,2022,11,1,6,6
11/8/2022,126,2022-11-08,2022,11,1,6,6
11/9/2022,128,2022-11-09,2022,11,1,6,6
11/10/2022,129,2022-11-10,2022,11,1,6,6
11/11/2022,130,2022-11-11,2022,11,1,6,6
11/12/2022,131,2022-11-12,2022,11,1,6,7
11/13/2022,132,2022-11-13,2022,11,1,6,7
11/14/2022,132,2022-11-14,2022,11,1,6,7
11/15/2022,133,2022-11-15,2022,11,1,6,7
11/16/2022,133,2022-11-16,2022,11,1,6,7
11/17/2022,133,2022-11-17,2022,11,1,6,7
11/18/2022,133,2022-11-18,2022,11,1,6,7
11/19/2022,133,2022-11-19,2022,11,1,6,8
11/20/2022,132,2022-11-20,2022,11,1,6,8
11/21/2022,132,2022-11-21,2022,11,1,6,8
11/22/2022,131,2022-11-22,2022,11,1,6,8
11/23/2022,131,2022-11-23,2022,11,1,6,8
11/24/2022,130,2022-11-24,2022,11,1,6,8
11/25/2022,129,2022-11-25,2022,11,1,6,8
11/26/2022,128,2022-11-26,2022,11,1,6,9
11/27/2022,127,2022-11-27,2022,11,1,6,9
11/28/2022,126,2022-11-28,2022,11,1,6,9
11/29/2022,125,2022-11-29,2022,11,1,6,9
11/30/2022,124,2022-11-30,2022,11,1,6,9
12/1/2022,123,2022-12-01,2022,12,1,6,9
12/2/2022,122,2022-12-02,2022,12,1,6,9
12/3/2022,121,2022-12-03,2022,12,1,6,10
12/4/2022,120,2022-12-04,2022,12,1,6,10
12/5/2022,119,2022-12-05,2022,12,1,6,10
12/6/2022,118,2022-12-06,2022,12,1,6,10
12/7/2022,117,2022-12-07,2022,12,1,6,10
12/8/2022,116,2022-12-08,2022,12,1,6,10
12/9/2022,115,2022-12-09,2022,12,1,6,10
12/10/2022,115,2022-12-10,2022,12,1,6,11
12/11/2022,114,2022-12-11,2022,12,1,6,11
12/12/2022,113,2022-12-12,2022,12,1,6,11
12/13/2022,113,2022-12-13,2022,12,1,6,11
12/14/2022,112,2022-12-14,2022,12,1,6,11
12/15/2022,111,2022-12-15,2022,12,1,6,11
12/16/2022,111,2022-12-16,2022,12,1,6,11
12/17/2022,110,2022-12-17,2022,12,1,6,12
12/18/2022,110,2022-12-18,2022,12,1,6,12
12/19/2022,110,2022-12-19,2022,12,1,6,12
12/20/2022,109,2022-12-20,2022,12,1,6,12
12/21/2022,109,2022-12-21,2022,12,1,6,12
12/22/2022,109,2022-12-22,2022,12,1,6,12
12/23/2022,108,2022-12-23,2022,12,1,6,12
12/24/2022,108,2022-12-24,2022,12,1,6,13
12/25/2022,108,2022-12-25,2022,12,1,6,13
12/26/2022,108,2022-12-26,2022,12,1,6,13
12/27/2022,108,2022-12-27,2022,12,1,6,13
12/28/2022,108,2022-12-28,2022,12,1,6,13
12/29/2022,108,2022-12-29,2022,12,1,6,13
12/30/2022,107,2022-12-30,2022,12,1,6,13
12/31/2022,107,2022-12-31,2022,12,1,6,14
1/1/2023,107,2023-01-01,2023,1,1,6,14
1/2/2023,108,2023-01-02,2023,1,1,6,14
1/3/2023,108,2023-01-03,2023,1,1,6,14
1/4/2023,108,2023-01-04,2023,1,1,6,14
1/5/2023,108,2023-01-05,2023,1,1,6,14
1/6/2023,108,2023-01-06,2023,1,1,6,14
1/7/2023,108,2023-01-07,2023,1,1,6,15
1/8/2023,108,2023-01-08,2023,1,1,6,15
1/9/2023,108,2023-01-09,2023,1,1,6,15
1/10/2023,108,2023-01-10,2023,1,1,6,15
1/11/2023,108,2023-01-11,2023,1,1,6,15
1/12/2023,109,2023-01-12,2023,1,1,6,15
1/13/2023,109,2023-01-13,2023,1,1,6,15
1/14/2023,109,2023-01-14,2023,1,1,6,16
1/15/2023,109,2023-01-15,2023,1,1,6,16
1/16/2023,109,2023-01-16,2023,1,1,6,16
1/17/2023,110,2023-01-17,2023,1,1,6,16
1/18/2023,110,2023-01-18,2023,1,1,6,16
1/19/2023,110,2023-01-19,2023,1,1,6,16
1/20/2023,110,2023-01-20,2023,1,1,6,16
1/21/2023,110,2023-01-21,2023,1,1,6,17
1/22/2023,111,2023-01-22,2023,1,1,6,17
1/23/2023,111,2023-01-23,2023,1,1,6,17
1/24/2023,111,2023-01-24,2023,1,1,6,17
1/25/2023,111,2023-01-25,2023,1,1,6,17
1/26/2023,112,2023-01-26,2023,1,1,6,17
1/27/2023,112,2023-01-27,2023,1,1,6,17
1/28/2023,112,2023-01-28,2023,1,1,6,18
1/29/2023,112,2023-01-29,2023,1,1,6,18
1/30/2023,112,2023-01-30,2023,1,1,6,18
1/31/2023,113,2023-01-31,2023,1,1,6,18
2/1/2023,113,2023-02-01,2023,2,1,6,18
2/2/2023,113,2023-02-02,2023,2,1,6,18
2/3/2023,113,2023-02-03,2023,2,1,6,18
2/4/2023,113,2023-02-04,2023,2,1,6,19
2/5/2023,113,2023-02-05,2023,2,1,6,19
2/6/2023,113,2023-02-06,2023,2,1,6,19
2/7/2023,113,2023-02-07,2023,2,1,6,19
2/8/2023,113,2023-02-08,2023,2,1,6,19
2/9/2023,113,2023-02-09,2023,2,1,6,19
2/10/2023,113,2023-02-10,2023,2,1,6,19
2/11/2023,113,2023-02-11,2023,2,1,6,20
2/12/2023,113,2023-02-12,2023,2,1,6,20
2/13/2023,112,2023-02-13,2023,2,1,6,20
2/14/2023,112,2023-02-14,2023,2,1,6,20
2/15/2023,111,2023-02-15,2023,2,1,6,20
2/16/2023,111,2023-02-16,2023,2,1,6,20
2/17/2023,110,2023-02-17,2023,2,1,6,20
2/18/2023,109,2023-02-18,2023,2,1,6,21
2/19/2023,108,2023-02-19,2023,2,1,6,21
2/20/2023,107,2023-02-20,2023,2,1,6,21
2/21/2023,106,2023-02-21,2023,2,1,6,21
2/22/2023,105,2023-02-22,2023,2,1,6,21
2/23/2023,104,2023-02-23,2023,2,1,6,21
2/24/2023,102,2023-02-24,2023,2,1,6,21
2/25/2023,101,2023-02-25,2023,2,1,6,22
2/26/2023,99,2023-02-26,2023,2,1,6,22
2/27/2023,98,2023-02-27,2023,2,1,6,22
2/28/2023,96,2023-02-28,2023,2,1,6,22
3/1/2023,95,2023-03-01,2023,3,1,6,22
3/2/2023,93,2023-03-02,2023,3,1,6,22
3/3/2023,92,2023-03-03,2023,3,1,6,22
3/4/2023,90,2023-03-04,2023,3,1,6,23
3/5/2023,89,2023-03-05,2023,3,1,6,23
3/6/2023,88,2023-03-06,2023,3,1,6,23
3/7/2023,86,2023-03-07,2023,3,1,6,23
3/8/2023,85,2023-03-08,2023,3,1,6,23
3/9/2023,84,2023-03-09,2023,3,1,6,23
3/10/2023,83,2023-03-10,2023,3,1,6,23
3/11/2023,83,2023-03-11,2023,3,1,6,24
3/12/2023,82,2023-03-12,2023,3,1,6,24
3/13/2023,81,2023-03-13,2023,3,1,6,24
3/14/2023,81,2023-03-14,2023,3,1,6,24
3/15/2023,80,2023-03-15,2023,3,1,6,24
3/16/2023,80,2023-03-16,2023,3,1,6,24
3/17/2023,80,2023-03-17,2023,3,1,6,24
3/18/2023,79,2023-03-18,2023,3,1,6,25
3/19/2023,79,2023-03-19,2023,3,1,6,25
3/20/2023,79,2023-03-20,2023,3,1,6,25
3/21/2023,78,2023-03-21,2023,3,1,6,25
3/22/2023,78,2023-03-22,2023,3,1,6,25
3/23/2023,78,2023-03-23,2023,3,1,6,25
3/24/2023,77,2023-03-24,2023,3,1,6,25
3/25/2023,77,2023-03-25,2023,3,1,6,26
3/26/2023,77,2023-03-26,2023,3,1,6,26
3/27/2023,76,2023-03-27,2023,3,1,6,26
3/28/2023,76,2023-03-28,2023,3,1,6,26
3/29/2023,76,2023-03-29,2023,3,1,6,26
3/30/2023,75,2023-03-30,2023,3,1,6,26
3/31/2023,75,2023-03-31,2023,3,1,6,26
4/1/2023,74,2023-04-01,2023,4,1,6,27
4/2/2023,74,2023-04-02,2023,4,1,6,27
4/3/2023,74,2023-04-03,2023,4,1,6,27
4/4/2023,73,2023-04-04,2023,4,1,6,27
4/5/2023,73,2023-04-05,2023,4,1,6,27
4/6/2023,73,2023-04-06,2023,4,1,6,27
4/7/2023,73,2023-04-07,2023,4,1,6,27
4/8/2023,72,2023-04-08,2023,4,1,6,28
4/9/2023,72,2023-04-09,2023,4,1,6,28
4/10/2023,72,2023-04-10,2023,4,1,6,28
4/11/2023,72,2023-04-11,2023,4,1,6,28
4/12/2023,71,2023-04-12,2023,4,1,6,28
4/13/2023,71,2023-04-13,2023,4,1,6,28
4/14/2023,71,2023-04-14,2023,4,1,6,28
4/15/2023,70,2023-04-15,2023,4,1,6,29
4/16/2023,70,2023-04-16,2023,4,1,6,29
4/17/2023,69,2023-04-17,2023,4,1,6,29
4/18/2023,69,2023-04-18,2023,4,1,6,29
4/19/2023,68,2023-04-19,2023,4,1,6,29
4/20/2023,67,2023-04-20,2023,4,1,6,29
4/21/2023,66,2023-04-21,2023,4,1,6,29
4/22/2023,65,2023-04-22,2023,4,1,6,30
4/23/2023,64,2023-04-23,2023,4,1,6,30
4/24/2023,63,2023-04-24,2023,4,1,6,30
4/25/2023,62,2023-04-25,2023,4,1,6,30
4/26/2023,60,2023-04-26,2023,4,1,6,30
4/27/2023,59,2023-04-27,2023,4,1,6,30
4/28/2023,57,2023-04-28,2023,4,1,6,30
4/29/2023,56,2023-04-29,2023,4,1,6,31
4/30/2023,54,2023-04-30,2023,4,1,6,31
10/1/2023,57,2023-10-01,2023,10,1,8,1
10/2/2023,59,2023-10-02,2023,10,1,8,1
10/3/2023,61,2023-10-03,2023,10,1,8,1
10/4/2023,63,2023-10-04,2023,10,1,8,1
10/5/2023,64,2023-10-05,2023,10,1,8,1
10/6/2023,66,2023-10-06,2023,10,1,8,1
10/7/2023,68,2023-10-07,2023,10,1,8,1
10/8/2023,69,2023-10-08,2023,10,1,8,2
10/9/2023,71,2023-10-09,2023,10,1,8,2
10/10/2023,72,2023-10-10,2023,10,1,8,2
10/11/2023,73,2023-10-11,2023,10,1,8,2
10/12/2023,75,2023-10-12,2023,10,1,8,2
10/13/2023,76,2023-10-13,2023,10,1,8,2
10/14/2023,77,2023-10-14,2023,10,1,8,2
10/15/2023,78,2023-10-15,2023,10,1,8,3
10/16/2023,80,2023-10-16,2023,10,1,8,3
10/17/2023,81,2023-10-17,2023,10,1,8,3
10/18/2023,82,2023-10-18,2023,10,1,8,3
10/19/2023,83,2023-10-19,2023,10,1,8,3
10/20/2023,85,2023-10-20,2023,10,1,8,3
10/21/2023,86,2023-10-21,2023,10,1,8,3
10/22/2023,88,2023-10-22,2023,10,1,8,4
10/23/2023,89,2023-10-23,2023,10,1,8,4
10/24/2023,91,2023-10-24,2023,10,1,8,4
10/25/2023,93,2023-10-25,2023,10,1,8,4
10/26/2023,95,2023-10-26,2023,10,1,8,4
10/27/2023,97,2023-10-27,2023,10,1,8,4
10/28/2023,99,2023-10-28,2023,10,1,8,4
10/29/2023,101,2023-10-29,2023,10,1,8,5
10/30/2023,103,2023-10-30,2023,10,1,8,5
10/31/2023,105,2023-10-31,2023,10,1,8,5
11/1/2023,107,2023-11-01,2023,11,1,8,5
11/2/2023,109,2023-11-02,2023,11,1,8,5
11/3/2023,111,2023-11-03,2023,11,1,8,5
11/4/2023,113,2023-11-04,2023,11,1,8,5
11/5/2023,115,2023-11-05,2023,11,1,8,6
11/6/2023,117,2023-11-06,2023,11,1,8,6
11/7/2023,119,2023-11-07,2023,11,1,8,6
11/8/2023,120,2023-11-08,2023,11,1,8,6
11/9/2023,122,2023-11-09,2023,11,1,8,6
11/10/2023,123,2023-11-10,2023,11,1,8,6
11/11/2023,124,2023-11-11,2023,11,1,8,6
11/12/2023,126,2023-11-12,2023,11,1,8,7
11/13/2023,127,2023-11-13,2023,11,1,8,7
11/14/2023,127,2023-11-14,2023,11,1,8,7
11/15/2023,128,2023-11-15,2023,11,1,8,7
11/16/2023,129,2023-11-16,2023,11,1,8,7
11/17/2023,129,2023-11-17,2023,11,1,8,7
11/18/2023,129,2023-11-18,2023,11,1,8,7
11/19/2023,130,2023-11-19,2023,11,1,8,8
11/20/2023,130,2023-11-20,2023,11,1,8,8
11/21/2023,130,2023-11-21,2023,11,1,8,8
11/22/2023,129,2023-11-22,2023,11,1,8,8
11/23/2023,129,2023-11-23,2023,11,1,8,8
11/24/2023,129,2023-11-24,2023,11,1,8,8
11/25/2023,128,2023-11-25,2023,11,1,8,8
11/26/2023,128,2023-11-26,2023,11,1,8,9
11/27/2023,127,2023-11-27,2023,11,1,8,9
11/28/2023,126,2023-11-28,2023,11,1,8,9
11/29/2023,125,2023-11-29,2023,11,1,8,9
11/30/2023,125,2023-11-30,2023,11,1,8,9
12/1/2023,124,2023-12-01,2023,12,1,8,9
12/2/2023,123,2023-12-02,2023,12,1,8,9
12/3/2023,122,2023-12-03,2023,12,1,8,10
12/4/2023,121,2023-12-04,2023,12,1,8,10
12/5/2023,120,2023-12-05,2023,12,1,8,10
12/6/2023,119,2023-12-06,2023,12,1,8,10
12/7/2023,118,2023-12-07,2023,12,1,8,10
12/8/2023,117,2023-12-08,2023,12,1,8,10
12/9/2023,116,2023-12-09,2023,12,1,8,10
12/10/2023,116,2023-12-10,2023,12,1,8,11
12/11/2023,115,2023-12-11,2023,12,1,8,11
12/12/2023,114,2023-12-12,2023,12,1,8,11
12/13/2023,114,2023-12-13,2023,12,1,8,11
12/14/2023,113,2023-12-14,2023,12,1,8,11
12/15/2023,113,2023-12-15,2023,12,1,8,11
12/16/2023,113,2023-12-16,2023,12,1,8,11
12/17/2023,112,2023-12-17,2023,12,1,8,12
12/18/2023,112,2023-12-18,2023,12,1,8,12
12/19/2023,112,2023-12-19,2023,12,1,8,12
12/20/2023,112,2023-12-20,2023,12,1,8,12
12/21/2023,112,2023-12-21,2023,12,1,8,12
12/22/2023,112,2023-12-22,2023,12,1,8,12
12/23/2023,112,2023-12-23,2023,12,1,8,12
12/24/2023,112,2023-12-24,2023,12,1,8,13
12/25/2023,112,2023-12-25,2023,12,1,8,13
12/26/2023,112,2023-12-26,2023,12,1,8,13
12/27/2023,113,2023-12-27,2023,12,1,8,13
12/28/2023,113,2023-12-28,2023,12,1,8,13
12/29/2023,113,2023-12-29,2023,12,1,8,13
12/30/2023,113,2023-12-30,2023,12,1,8,13
12/31/2023,113,2023-12-31,2023,12,1,8,14
